UserName,Hashtag,Tweet
@monicaBeg,"#JulyRevolutionGirls,","Bold hearts, fearless minds - meet the July Revolution Girls! From the streets of Bangladesh, they‚Äôre breaking barriers, rewriting history, and inspiring a new era of unstoppable change"
@monicaBeg,#BangladeshRise,"Bold hearts, fearless minds - meet the July Revolution Girls! From the streets of Bangladesh, they‚Äôre breaking barriers, rewriting history, and inspiring a new era of unstoppable change"
@dailystarnews,#JulyMassacre,"Rickshaw that carried revolution martyr finds place in museum
"
@Zakzakxak,#ButcherOfBangladesh,"Butcher of Bangladesh, Hasina, deployed UN vehicles to attack demonstrators in Dhaka. That's how crazy she went to save her position. And #ButcherOfGujrat is sheltering this woman."
@Zakzakxak,#BanAwamiLeague,"Frustrated BAL goon showing police how to shoot to kill. The goon is literally shouting at the police! This is how #ButcherOfBangladesh ran the country for 15 years.
"
@ZahidSheikh13,#Hasinopath,"If you know you know! Unpublished images from July 25!! We had amber hard (fraud/corrupt) as a ruler, the only difference is that #FasictHasina is a killer of thousand innocent students."
@dailystarnews,#JulyAugustUprising,"Eight individuals, including former IGP and former DG (NTMC), were produced before the International Crimes Tribunal (ICT) today in a case filed over crimes against humanity and genocide during the July-August mass uprising."
@ZahidSheikh13,#HuntDownHasina,"Shabuddin Chuppu Must Resign. 

He must leave. He is also a  Fascist Enabler. 
"
@centristnattv,#julyuprising,July Uprising: US Recognises The Brave woman 
@AbdullahAl8749,#stepdownyounus,"Reflecting on the July movement: This is how Jamaat-NCP murdered 3,000 #police officers and left their bodies hanging across the streets of Dhaka. They set fire to 400 #police stations and looted all the weapons inside. Meanwhile, USAID and various human rights organizations backed their every move. The United Nations issued a report about these events, but it conveniently left out any mention of their names‚Äîso can you really trust that report‚Äôs credibility?"
@ChiefAdviserGoB,#JulyRevolution ,Chief Adviser Professor Muhammad Yunus visited the Dhaka University area to see the graffiti drawn by young revolutionaries during the student-led mass uprising in July and August. Photos: CA Press Wing
@basherkella,#StopIndianHegemony,"Here is the main gate of #BUET, the most prestigious educational institution in #Bangladesh. Since the #JulyRevolution, students have been voicing unique protests against unwanted intervention by #India on various internal matters of Bangladesh"
@RTD_BD,#StudentsMovement ,"July massacre 2024: We will never forget!

Video 36: Our second independence was made possible by the sacrifices and sufferings of thousands of people like this injured brother."
@RifatAlam007,#QuotaMovement,"#Dhaka University bloodied as Chhatra League thugs attack quota reform protesters, allegedly supported by PM #Hasina and backed by @bd_police. The injured count is uncertain, with reports of female students being targeted by ruling @albd1971 members. "
@RifatAlam007,#PrayForStudents,Tragic news from #Dhaka University: Over 100 students were injured in a brutal attack by Chhatra League members in front of the VC's building. Reports indicate several female students were also harassed by ruling @albd1971's student wings. 
@ArshiMinhajul,#QuotaReformMovement,"1 month ago today‚ÄºÔ∏èI still remember the fear I had in me when I saw the facebook post.We really lived through a movie and fortunately, this time we had a good ending.....
"
@park07k,#StudentsUnderAttackInBangladesh,"Please speak about Bangladesh, use your platforms to spread awareness about the ongoing situation ‚ÄºÔ∏è üáßüá©

ALL EYES ON BANGLADESH
SAVE BANGLADESHI STUDENT"
@rumankn,#LongMarchtoDhaka,"Make a bamboo stick
Make Bangladesh free
Asif Mahmud
Student leader on March to Dhaka Tomorrow
STEP DOWN FASCIST HASINA"
@buetian62,#BangladeshBleeding,"Coordinator Nahid's directive: ""The student community will not accept martial law."" "
@ERSaif14,#StepDownDictatorHasina,"On August 4, 2024, on the first day of the mass movement, around 30 people were killed across the country in attacks by the Awami League, Chhatra League, Jubo League, and police."
@buetian62,#BanBSL,"BSL goons attacked unarmed protesters visciously throughout the whole day. This video shows a proof of their act in Sylhet. 
"
@DhakaTribune,#JulyMartyrs," I'njured individuals will receive training and job priority, while the final m'artyr list is gazetted and i'njury lists are pending"
@DhakaTribune,#julywarriors,"If a decision to ban the party is not made within this timeframe, the July warriors have announced plans to block Dhaka city"
@fidi_fidel,#BangladeshCrisis,"We did not commit any crimes. Is it our crime to ask for an independent police commission?"" said Soaibur Rahman during a remand hearing in a case filed under the Cyber Security Act."
@RifatAlam007,#StudentProtest,"Students across #Bangladesh took to the streets late at night after protests erupted at #Dhaka University. In response to PM Sheikh #Hasina's comments against the #QuotaReform movement, university students nationwide held processions on their campuses."
@los7blancos,#AllEyesOnDhakaUniversity,"SHOTS ARE BEING FIRED AT JU AND Du

PlEASE HELP THEM OR SPREAD THE WORD 
"
@jeonsci,#QuotaReformProtest,"how can you turn a non-violent protest into this?? It's been DAYS of attacks 

WE STAND WITH BANGLADESHISTUDENTS
ALL EYES ON DHAKA UNIVERSITY"
@_spicygirl_,#RedForJustice,"Never been this proud of my teachers!

**Teachers of Jahangirnagar University held a demonstration with red clothes tied over their mouths."
@beingargentin,#HasinaWorseThanHitler,"Resistance is the existence!  So keep fighting online, offline, in Bangladesh and abroad. Fight everywhere. The new sun will rise"
@ThePerilousGirl,#BangladeshBleeding #Bangladesh,"According to sources, Bangladesh Army asks PM #SheikhHasina to resign within 45 minutes. She left Dhaka for a safer place highly possible that she flown to India in Military helicopter."
@rumankn,#StepDownDictatorHasina #StepDownHasina #SaveBangladeshiStudents #SaveBangladesh #BangladeshBleeding #LongMarchtoDhaka,Make a bamboo stick Make Bangladesh free Asif Mahmud Student leader on March to Dhaka Tomorrow STEP DOWN FASCIST HASINA
@Kyoni_Erisso,#Victory #Freedom #LongMarchtoDhaka,"In #Bangladesh, Gen Z is making history! For democracy, for freedom #GenZrevolution We made another history to remember. 5th August, 2024 (36th July). New Independence Day in BANGLADESH"
@asterious_11,#LongMarchtoDhaka,Sheik Hasina & Rehana left the country. People are entering the Ganabhaban (prime minister‚Äôs office)
@palkisu,,"Bangladesh is on the boil. The anti-quota stir has intesified. 32 people have died. Protesters have called for a nationwide shutdown, rejecting PM Sheikh Hasina's offer of talks. To all those of you who've written to us from Bangladesh, we're covering the story. Stay safe."
@steve_hanke,,BREAKING: Bangladesh has imposed a CURFEW and has deployed the ARMY to control ongoing protests against PM Hasina's authoritarian rule. The death toll since Monday has climbed to at least 105. Stay tuned.
,,
@MidoriyaMafi,#36July,"6 months ago, Bangladesh got rid of the fascist government. This wall art was made on this occasion. Maybe it's my first and last wall art. Thanks to the principal of our college, our economics teacher, and our juniors for the help. It was really a wonderful dayüíö"
@aam_mahdi,#36July,‡¶Ü‡¶π‡¶æ! ‡¶ï‡¶§‡ßã ‡¶™‡ßç‡¶∞‡¶æ‡¶£‡ßá‡¶∞ ‡¶¨‡¶ø‡¶®‡¶ø‡¶Æ‡¶Ø‡¶º‡ßá ‡¶®‡¶§‡ßÅ‡¶® ‡¶¨‡¶æ‡¶Ç‡¶≤‡¶æ‡¶¶‡ßá‡¶∂ ‡¶™‡ßá‡¶Ø‡¶º‡ßá‡¶õ‡¶ø‡•§
@aam_mahdi,#July,‡¶Ü‡¶π‡¶æ! ‡¶ï‡¶§‡ßã ‡¶™‡ßç‡¶∞‡¶æ‡¶£‡ßá‡¶∞ ‡¶¨‡¶ø‡¶®‡¶ø‡¶Æ‡¶Ø‡¶º‡ßá ‡¶®‡¶§‡ßÅ‡¶® ‡¶¨‡¶æ‡¶Ç‡¶≤‡¶æ‡¶¶‡ßá‡¶∂ ‡¶™‡ßá‡¶Ø‡¶º‡ßá‡¶õ‡¶ø‡•§
@TMottalib,#36July,‡¶™‡ßÅ‡¶≤‡¶ø‡¶∂ ‡¶ï‡¶ñ‡¶®‡¶á ‡¶Ü‡¶Æ‡¶æ‡¶¶‡ßá‡¶∞ ‡¶¨‡¶®‡ßç‡¶ß‡ßÅ ‡¶õ‡¶ø‡¶≤ ‡¶®‡¶æ
@TMottalib,#‡¶ï‡ßã‡¶ü‡¶æ_‡¶Ü‡¶®‡ßç‡¶¶‡ßã‡¶≤‡¶®_‡ß®‡ß¶‡ß®‡ß™,‡¶™‡ßÅ‡¶≤‡¶ø‡¶∂ ‡¶ï‡¶ñ‡¶®‡¶á ‡¶Ü‡¶Æ‡¶æ‡¶¶‡ßá‡¶∞ ‡¶¨‡¶®‡ßç‡¶ß‡ßÅ ‡¶õ‡¶ø‡¶≤ ‡¶®‡¶æ
@EUinBangladesh,#StandUp4HumanRights,"today launched the book 'Bangladesh, 36 July 2024' to mark #HumanRightsDay, in the presence of two of the young artists. The book launch was accompanied by a photo exhibition featuring powerful street art inspired by the protests of 2024 on the theme of fundamental rights. Thank you, Office of the Chief Adviser, for supporting this initiative."
@SadiAfrin0509,#36July ,BBC exposed the fabricated proganda spreading by Indian people. May you get well soon and stop spreading propaganda about our country. 
@ashrafulAmaruf, #36July,"""As-Sunnah Foundation"" provided support to 109 orphans and 2 Hindu families with 3 crore (BDT) Taka for the families of 300 #Martyrs who lost their lives in the #JulyMassUprising of the ""Anti-Discrimination Student Movement"" in #Bangladesh "
@ashrafulAmaruf,#BloodyJuly,"""As-Sunnah Foundation"" provided support to 109 orphans and 2 Hindu families with 3 crore (BDT) Taka for the families of 300 #Martyrs who lost their lives in the #JulyMassUprising of the ""Anti-Discrimination Student Movement"" in #Bangladesh "
@IsWanderlust,#36July,Lots of murals around the city celebrating the change of regime a few months ago. 36th July is reference to the day Hasina fled (Aug 5th). The protesters said they would keep counting the days in July until their demands were met.üáßüá©
@sallauddinkader,#no_more_quotha,"Water water water....üò™üò™üò™
#mirmugdho Called the students for water. But suddenly a bullet hit upon his head. he was dead at the spot.. we will miss our heroes."
@AbdusSa73414699,#DhakaUniversityUnderAttack,4 people including co-coordinator Musaddiq were detained from the movement in Paltan.
@AbdusSa73414699,#DUUnderAttack,4 people including co-coordinator Musaddiq were detained from the movement in Paltan.
@m_far_vir_rahat,#ReleaseTheStudents,All this students have been arrested during peaceful protest. 
soroni69272,#JulyGenocide,"HASINA 15 YEARS OF FASCISM
""UN recommends Bangladesh to take the July 2024 genocide case to the ICC! Justice must prevail‚Äîno more impunity for mass murderers. The world is watching."
@farhan_imtahan,#Hasina15YearsOfFascism,"JUSTICE FOR SHAPLA NOW.They‚Äôve tried repeatedly to erase us from history, but they couldn‚Äôt‚Äîand never will, Insha-Allah!  The pain of 2013 lingers‚Äîour martyred brothers‚Äô blood fuels our fight for justice."
@ur_calmland,#NewBangladesh,"The month of July and the first five days of August consisted of a student movement in Bangladesh. From the quota movement to the total non-cooperation movement with a one-point demand, the country regained freedom and independence.
"
@MdTarekRah85543,#Quotamovement2024,Look how the police are firing on ordinary students amid the quota movement at Dhaka University. Save us. Save Bangladesh from this dictatorial government. 
@OfficialBTSBD,#NoQouta,"6 deaths, 400+ injured. Yet we won't stop protesting. We won't stop speaking about #QuothaMovement. It's a basic right. Govt Has to give it to us. As simple as that

WE ARE BULLETPROOF. ARE YOU?"
@Mahmudul101,#DictatorHasina,ICT Investigation Finds 'Irrefutable Evidence' Against Sheikh Hasina in Genocide and Crimes Against Humanity Case.
@SakibAntor,#HangTheFacistMurdereHasina,"Hasina is the muderer of thousands. She should face the consequences of her wrongdoings and killing through the ICC. 
India shouldn't act like a foe by facilitating this dictator. India's land shouldn‚Äôt be used as a platform Against BD!"
@akter_anifa_kim,#shameonHasina,"One point, one demand. 
STEP DOWN FASCIST HASINA. "
@faw161161,#saveBagnladesfromawamiterrorist,Dictator Hasina's police attacking even our University   teachers 
@hafizBu8,#36july,"We chose Motherland, Freedom and VictoryInqilab Zindabad-Long Live The Revolution"
@khsaiful67,#36july,Bangladesh is FREE from the long dictatorship of Tyrant and murderer Sheikh Hasina! Gratitude to the Quota reform movement students and the people of my country for making this possible! This is just the beginning. We will reform our motherland! ‚úä‚úä
@centerforaid,#36july,"üñåÔ∏è We've done seven powerful paintings, each capturing the essence of the 2024 student movement‚Äîsacrifice, unity, and the relentless fight for justice."
@yournam7049246,#36july,Happy Victory day Guys
@ab_siddiqur13,#36july,"Today is the day of independence. The day of victory. The day of martyrs. A new era has started with new spring.. Birds are singing, fresh smell are spreading.."
@x_Hasin,#36july,This is us. This is our new loving Bangladesh.
@MithuHassan321,#StudentMovement,A month of celebration of the victory of Bangladesh's anti-discrimination student movement. Honoring the courage and unity that brought change.
@ilukmantalukder,#StudentsMovement,Salute to all the martyrs who lost their lives fighting against the fascist Awami misrule. üáßüá©‚ù§Ô∏è
@Maruf_Al_Yeamin,#StudentsMovement,Internet connection in Dhaka University and surrounding area has been stopped and 4G connection is not available completely.
@MuslimIbnaRabi,#StudentsMovement,"To see the power of truth, look to Bangladesh today and keep looking. It is a historic day for the Bangladeshi people and the nation worldwide"
@zubair_rahman_a,#StudentsMovement,Mirpur is in crisis! Save us! SAVE US!
@mashrurmobin,#freedom,Massive congratulations to my fellow countrymen while we remembers the ones who we lost during this fight for freedom. While the tyrant has left urging all residents to keep up the vigilance and celebrate victory in civilized manner
@mashrurmobin,#StudentsMovement,Massive congratulations to my fellow countrymen while we remembers the ones who we lost during this fight for freedom. While the tyrant has left urging all residents to keep up the vigilance and celebrate victory in civilized manner
@TOPXNews,#StudentsMovement,"üéâ No surprise here! The recent triumph of Bangladesh's student movement was 15 years in the making. Their perseverance has paid off, proving the power of youth in shaping a nation's destiny"
@khsaiful67,#freedom,Bangladesh is FREE from the long dictatorship of Tyrant and murderer Sheikh Hasina! Gratitude to the Quota reform movement students and the people of my country for making this possible! This is just the beginning. We will reform our motherland! ‚úä‚úä
@KnmNahian,#BloodyJuly,A thread on the Heroic efforts of Private University students and the brutality of Bangladesh Police on 18th July.
@kimtbsm,#BloodyJuly,This painting is ‚ÄúTribute to all the Martyrs of July Revolution ‚Äú üáßüá©
@john_hq3,#BloodyJuly,‚ÄúWe want answers for every bullet ridden body. We will leave the streets only after justice is served.‚Äù
@inun_ripa,#JulyMassacre,#FacistHasina declared mourning day after ordering to kill 300 students! But people are rejecting this mockery by changing their social id DPs into red.
@mahimachy13,#Bloodyjuly,The Police of fascist #SheikhHasina attacked the people without any reason.
@aamanullah,#Bloodyjuly,this July is not for sky viewers...
@Srabon477,#Bloodyjuly,This RED resembles the BLOOD of our innocent  brothers!
@AbdullahAb49807,#JulyGenocide,"After the fall of the secular chetonabadi terrorist dictator Hasina, the people's victory was celebrated by taking over the National Parliament."
@Rezaderma,#JulyGenocide,Rows of anonymous grave of protesters at Rayerbazar cemetery !
@Rezaderma,#JulyGenocide,Even minor meritorious boy is in police remand for protesting against autocratic government!
@KhanYusuf98,#JulyGenocide,Bangladesh Rapid Action Battalion (RAB) forces were captured dropping grenades from helicopters at student protestors.
@KaziHafizH,#JulyGenocide,"They are Generation Z,  Invincible & Brave. After brutal killing & torture of their comrades they are still on the street. In front of a police, he is writing on the wall ‚ÄúDrama in daylight, Arrest at night‚Äù"
@warnotification,#JulyGenocide,"Bangladeshi Students Vs Bangladesh Army. 
Unarmed vs Armed.
Shame on you Bangladesh. üáßüá©"
@PrinceShihab92,#JulyGenocide,"Point one, demand one
Resignation of murderer Hasina.
"
@AbdullahAb49807,#JulyGenocide,Spider-Man spotted in Dhaka.
@AziiimChowdhury,#JulyGenocide,"Today at Mirpur 10

LOUD AND CLEAR STEP DOWN FASCIST HASINA"
@AbdullahAb49807,#JulyGenocide,"Solidarity with BD students.

35 July (4rth August 2024) 
üìçMalaysia"
@IshatFarhan,#JulyGenocide,"The dictatorial Hasina government will not prosecute the murders, because they themselves are the killers üëá

 16-year-old student in prison in the case of the murder of Abu Saeed, who was shot by the police!"
@KhanYusuf98,#JulyGenocide,"This generation will never forget and forgive Awami League and Sheikh Hasina.

Thousands of students were killed and in the middle of night raiding the house. We just forget to sleep peacefully.

Meanwhile, Hasina shows crocodile tears to the metro!"
@KaziHafizH,#JulyGenocide,Not sure how long she can stay in power. Today thousands of people came out to the streets again. They have grievances for the loss of hundreds innocent lives in Bangladesh. It will be in 3 & 4 folds in coming days.
@IshatFarhan,#JulyGenocide,"Save Bangladesh student. 

All of you will pray for the students of Bangladesh. Government and police, army, BGB are killing ordinary students in Bangladesh.
"
@ZihadSheikh13,#JulyGenocide,"Curious about the Meeting of the Army Chief! 

Will they take the side of a #Fascist and help to kill more students?

Or will they convince #FascistHasina to step down? 
"
@KaziHafizH,#JulyGenocide,It is not working this time. Students blood ü©∏ on your and Hasina‚Äôs hands.
@azobair,#JulyGenocide,
@ZihadSheikh13,#JulyGenocide,"Bro, Just Think of yourself. In Jail, there may not be a Commode. What will happen then with your big size Ass?"
@SaifAhmed144184,#Julymasacare,Look how police openly firing on students in Bangladesh üò° Dhaka 02/08/2024
@shouro04,#Julymasacare,"How blatantly a Prime Minister's ""son"" can share lies in front of public. Absolute disgrace, no wonder mother (dictator Hasina) and son (Sajeeb Wazed) together destroying our country."
@realsumonislam,#QuotaReformProtest,"A new dawn, a new country. You will be remembered."
@RiyelRomel,#QuotaReformProtest,Wonderful Work Very inspiring for the Students.üëè‚úäüáßüá©
@Hamid_Hossen,#QuotaReformProtest,Glimpses of the #Inqilab movement taking over Cox's Bazar streets. 100 of ordinary citizens joined students in a powerful display of dissent. The city reverberated with chants demanding the resignation of the Prime Minister and her parliament members.
@Shantonuroyit,#QuotaReformProtest,If the graffiti on the walls turns into maps in moments of stillness.
@amina_meheli,#QuotaReformProtest,"Dear Abrar Fahad bhai, only if you could see them now, you'd be so proud"
"@park07k",#QuotaReformProtest,"Please speak about Bangladesh, use your platforms to spread awareness about the ongoing situation ‚ÄºÔ∏è üáßüá©"
@dailystarnews,#QuotaReformProtest,"Bangladesh's largest English Daily. The latest & breaking news, features, analysis and more from 
@dailystarnews
."
@codermahdy,#QuotaReformProtest,Some students were hurt by the police attack on July 18 while others rested on recovering their strength.
@alam_basharul,#QuotaReformProtest,"July 2024, just another month? Maybe not. It was very terrible, with nights intensifying the agony. A tired mind battles, tears flowing intensely. May such a moment never come to Earth, not even for a Planck second."
@_aoi_75_,#julymassacre,"Allright everyone , it‚Äôs time to untie those chains .
Raise your voice together 
Tigers Assemble!!"
@souravhome291,#SaveBangaldeshiStudents,"10th Grade shot dead in Uttara when she was on her balcony! 

Date: 19 July 

Naima, Class 10,  Age 16.
Sector 9 behind uttara adhunik medical.
"
@Mahmudul101,#QuotaReformProtest,People with physical disabilities are also participating in this protest. It is now unstoppable.
@Hamid_Hossen,#QuotaReformProtest,Glimpses of the #Inqilab movement taking over Cox's Bazar streets. 100 of ordinary citizens joined students in a powerful display of dissent. The city reverberated with chants demanding the resignation of the Prime Minister and her parliament members.
@tbsnewsbd,#QuotaReformProtest,"A fire was set to a showroom of the well-known clothing brand Yellow on Road no-2 in Dhanmondi, Dhaka."
@hoeforminimoni,#QuotaReformProtest,"ALL EYES ON BANGLADESH
SAVE BANGLADESHI STUDENT
STEP DOWN FASCIST HASINA"
@tbsnewsbd,#QuotaReformProtest,"The PM said this while addressing the nation on the ongoing violent situation centring on the non-cooperation movement called upon by the protesters today (4 August)
"
@Raju_59,#QuotaReformProtest,Justice must be served for these murders.
@tbsnewsbd,#QuotaReformProtest,"The Anti-discrimination Student Movement announced a ""Long March to Dhaka"" programme tomorrow (5 August) to press home for their one-point demand of resignation of the current government.
"
@auraiyaaysha,#QuotaReformProtest,We want justice.
@Asiful_Rahman1,#QuotaReformProtest,We witnessed a new dawn in Bangladesh as it gained independence.
@Raju_59,#QuotaReformProtest,Mass protests countrywide against the murderer #SheikhHasina. Hasina must go.
@wpfsornab,#QuotaReformProtest,Who is this guy? Shooting against unarmed Student Protesters?
@Sk_JA_7,#QuotaReformProtest,"Update: 159 lives it can be more

ALL EYES ON BANGLADESH
SAVE BANGLADESHI STUDENTS
STEP DOWN FASCIST HASINA"
@jinnjinnjjiniya,#no_more_quotha ,"18JULY, at BRAC UNIVERSITY!!
POLICE ARE ATTACKING STUDENTS!!"
@prity_sharin,#no_more_quotha ,"It's not a zombie movie scene, it's our Bangladesh! üò•"
@ShakibShahedul,#no_more_quotha ,"Students in Bangladesh are on the streets with their one point demand,"
@Palestine_won,#no_more_quotha ,Bangladeshi Muslims are protecting temples from attack
@d48479171,#no_more_quotha ,Help Bangladeshi Student. They are killed by police and the ruling party.
@mdmasumice,#no_more_quotha ,Cold-headed terrorist police brutally shoot an innocent student. Where is the end? Will there be any judgment on this plea?
@WrittenByVantae,#no_more_quotha ,They k√Ælled 2 more students ‚ÄºÔ∏è
@AliRplsc,#JulyRevolution ,"My last tribute to the July Revolution..
Victory to Youth and Bangladeshi people.. Victory to whole üáßüá© "
@RTD_BD,#JulyRevolution ,"July massacre 2024: We will never forget!

Video 36: Our second independence was made possible by the sacrifices and sufferings of thousands of people like this injured brother."
@bd_thinker,#JulyRevolution ,"Moved to tears, #DhakaUniversity Shibir President Abu Sadiq Mohammad Kaiyum pays heartfelt tribute to the martyrs of a new Bangladesh. üáßüá©"
@golamnur5,#JulyRevolution ,"Shahidi March, 5 September 2024. 
We have to protect this freedom at all cost. "
@TamimSpeaking,#JulyRevolution ,"July massacre 2024: We will never forget!

Our second independence was made possible by the sacrifices and sufferings of thousands of people like this injured brother."
@communistsus,#QuotaMovement,Victory to the students of Bangladesh! Down with Hasina‚Äôs system! No trust in the army! No trust in the ruling class‚Äô parties! All power to workers‚Äô and students‚Äô committees! Workers of the world unite!
@albd1971,#QuotaMovement,"Alarming if you look at the current composition of #QuotaMovement in #Bangladesh: Other than banned #Jamaat #Shibir and violent #BNP, there is also the #IslamicMovement. Listen to the Chief Chormonai Pir proudly admitting how his org has been with the ""protesters"" from outset."
@k_shayera,#QuotaMovement,"Why are the so-called leaders of the #QuotaMovement carrying and promoting the black #ISIS flag? What are they really trying to achieve here? Why are they endorsing mob justice and spreading #IslamicExtremism under the guise of student activism? Bangladesh‚Äôs future lies in unity and peace, not in extremist ideologies."
@MirrorNow,#QuotaMovement,Case filed against ousted #Bangladesh PM #SheikhHasina and 147 others over death of a protestor during
@Talhaofficial01,#QuotaMovement,"At least 100 people have been killed today, including 14 policemen in Bangladesh. Bangladeshi army seems to be refusing to use live ammunition against protesters. Hasina regime facing a serious threat to its survival!"
@KhanYusuf98,#QuotaMovement,"üö®London, England

Londoners are protesting against dictator Sheikh Hasina for mass killings of students."
@RifatAlam007,#QuotaMovement,"The anti-discrimination student movement at #Dhaka University organized a peaceful protest today, calling for the prosecution of fascist #Hasina for #JulyMassacre and crimes against humanity, while also shedding light on the @albd1971's conspiracies"
@MithuHassan321,#QuotaMovement,Bangladesh is on a path to healing and recovery. Let's stay hopeful and supportive as the nation moves forward
@Journo_rajib,#QuotaMovement,"After the resignation of the Prime Minister of #Bangladesh over the #quotamovement,  students are forcibly dismissing the teachers of the educational institutions. The country's teachers are helpless today.
In #Sarishabari, the students forcing the headmaster to sign the resig..."
@Journo_rajib,#QuotaMovement,This is how the army cheered at the #Ganabhaban after Bangladesh Prime Minister #SheikhHasina was dismissed from work over the #quotamovement.
@inaya_bisma,#QuotaMovement,"Students are now staying at Shahbagh, DHAKA."
@mamunabduu,#QuotaMovement,"Loud and Clear: One-point demand, end the dictatorship."
@Talhaofficial01,#QuotaMovement,"Breaking ‚ö°
Chhatra League terrorists have set fire to a hospital bus inside PG Hospital."
@nakibmahbub10,#QuotaMovement,"So far, the Bangladesh Army is on the side of the students. üí™ 
At night you can understand where the situation is going."
@Asiful_Rahman1,#QuotaMovement,"We witnessed a new dawn in Bangladesh as it gained independence.
"
@johirmasud,#QuotaMovement,This is the longest July in the history of Bangladesh.
@AnindyaDas1,#StudentsUnderAttackInBangladesh,This is possibly the best art you‚Äôll see today. streets of bangladesh by students.
@PaulBraderW,#StudentsUnderAttackInBangladesh,"üìçBOSILA, MOHAMMADPUR

 - 1:00 pm
 4th August, 2024

STEP DOWN FASCIST HASINA"
@RM_Jo_,#StudentsUnderAttackInBangladesh,Dhaka city under attack by helicopter
@jinx3831,#StudentsUnderAttackInBangladesh,Can anyone share the video threads of atroc-ities done by #DictatorHasina during the recent protest? 
@UnwantedxSoul7,#StudentsUnderAttackInBangladesh,"Students showing middle finger to government curfew...

Huge protest during the night in Dhaka 
"
@prak07k,#StudentsUnderAttackInBangladesh,"Please speak about Bangladesh, use your platforms to spread awareness about the ongoing situation ‚ÄºÔ∏è üáßüá©

ALL EYES ON BANGLADESH
SAVE BANGLADESHI STUDENTS"
@sumonkais,#StudentsUnderAttackInBangladesh,"things getting changed rapidly now military started protecting students all over the country.  especially in cumilla, Chittagong & few places in Dhaka. stay strong üí™ "
@z4hidhasan,#StudentsUnderAttackInBangladesh,"The power of unity for a better Bangladesh ‚úä

3rd August 2024, Central Shaheed Minar, Dhaka, Bangladesh "
@proudbdsAnna,#StudentsUnderAttackInBangladesh,"No one wait for the morning anymore üî•
Uttara | Dhaka | Bangladesh  3:00 AM üïí"
@z4hidhasan,#StudentsUnderAttackInBangladesh,They are still hunting and shooting people down! This video is from Chittagong. 
@mohiuddinbdasia,#StudentsUnderAttackInBangladesh,"Mass people are heading towards Kaila area as police started firing then. Video taken at 6:17pm local time. August 4, 2024"
@UnwantedxSoul7,#StudentsUnderAttackInBangladesh,"March to Dhaka, Bangladesh 
Students already in Dhaka. 
We'll kick Hasina out In sha Allah!"
@asif_safkat,#StudentsUnderAttackInBangladesh,"Live firing at Provativag, Khilgaon by the goons of Awami League. They are killing people with sharp weapons, guns.

STEP DOWN FASCIST HASINA"
@fktheaven,#StudentsUnderAttackInBangladesh,You see this? Our own govt did this to us! They're killing our students 
@MoonNotJun,#StudentsUnderAttackInBangladesh,"Firing at mirpur 10 , I can hear the sound from my home 
Pls pray for everyone, may Allah keep them safe "
@zil_tan613,#StudentsUnderAttackInBangladesh,The internet service providers must not under any circumstances shutdown the connection in BD!!
@AbdullahAb49807,#LongMarchtoDhaka,"After the fall of the secular chetonabadi terrorist dictator Hasina, the people's victory was celebrated by taking over the National Parliament.

36 July (5 August 2024) "
@VoiceOfChatat,#LongMarchtoDhaka,"No this is not a movie scene, this is my country. This is Bangladesh "
@aleegerous,#LongMarchtoDhaka,"""Never before has an entire nation awaited a sunrise with such eagerness."" üáßüá©‚úä"
@sayma44253,#LongMarchtoDhaka,"A portion of the people gathered in Dhaka, Bangladesh  to take part in the event of overthrowing the regime.
36th July loading."
@Fayenam_,#LongMarchtoDhaka,"May Allah protect all my brothers and sisters today

Long March To Dhaka

STEP DOWN FASCIST HASINA"
@turjoc120,#LongMarchtoDhaka,"Join us in this historic movement to restore democracy and justice. Your voice matters, let‚Äôs make it heard! Be part of the change, let's reclaim our rights! 

15 long years of oppression ends tomorrow! ‚úä"
@honeyy_bee_,#LongMarchtoDhaka,"Police sho oting on students at CENTRAL SHAHEED MINAR‚ÄºÔ∏è
STEP DOWN FASCIST HASINA"
@PurpleWave_7,#LongMarchtoDhaka,"July will continue until we win

STEP DOWN FASCIST HASINA"
@nakibmahbub10,#LongMarchtoDhaka,"Fascist government has once again shut down all types of internet in Bangladesh. 
Perhaps the authoritarian Hasina government is moving towards another genocide."
@mohiuddinbdasia,#LongMarchtoDhaka,i have reached Shahbag  as part of #LongMarchtoDhaka. Army is rather in supportive mode.
@manzia30,#LongMarchtoDhaka,"Hundreds of thousands of people have started to march toward the center of Bangladesh's capital, Dhaka. The country's Chief of Army Staff will address the nation at 3.00pm."
@RaiyanuzzamanA,#LongMarchtoDhaka,At least 80 people died today. Hasina is commiting a genocide to stay in power
@MV_Wellwisher,#LongMarchtoDhaka,I can't express how much happy I am right now!! It's the biggest victory!!üò≠üò≠üò≠üò≠
@Asterious_11,#LongMarchtoDhaka,Incredible scenes from on the way to #Shahabag #dhaka #Bangladesh. People climbing on the tank and waving Bangladesh Flag with military personnel
@wang_xioa1,#LongMarchtoDhaka,"Those who are participating in the long march to dhaka stay safe and earn magnificent triumph üí™üèΩ!
I am proud and jealous at the same time!"
@Ganesh_subedi_,#BangladeshBleeding,"Look the condition of minorities in Bangladesh ..
Utsob mandol got killed by extremist inside the police station . "
@ShivanChanana,#BangladeshBleeding,"The value of Your ‚Äòdeep resentment‚Äô for the Desecration of the Bangladeshi flag is commensurate to the value you give to the flags of other nations‚Ä¶

bring your own house in order before you cry foul. "
@BreathinHistory,#BangladeshBleeding,"""Students"" protesting again!! ü§∑‚Äç‚ôÇÔ∏è
I am sure the government of India will do ""Kadi Ninda"" so the Hindus stay safe there."
@CNNnews18,#BangladeshBleeding,"According to the 10-page UN report, nearly 400 deaths were reported between July 16 and August 4
"
@ariful_mony,#PrayForStudents,"üî¥ Tragic news from #Dhaka University: 

Over 100 students were injured in a brutal attack by Chhatra League members in front of the VC's building. Reports indicate several female students were also harassed by ruling @albd1971's student wings. "
@EA_SIR,#julyuprising,"The July Shaheed Smriti Foundation decided in its first executive meeting that each martyr's family from the July uprising will receive Tk5 lakh, and each injured person up to Tk1 lakh."
@tbsnewnbd,#julyuprising,The government today published a draft list of 708 individuals who lost their lives during the student-led mass uprising in July and August this year.
@tbsnewnbd,#julyuprising,"Taibur Rahman's education and treatment are at risk after being shot in the July-August uprising, as his father's tea shop has closed. His family pleads for government support to continue his recovery and studies."
@sagir_tweets,#MarchToDhaka,"Alhamdulillah, by the grace of Allah I'm safe & sound. We didn't achieve our victory yet. It's just a first step towards victory. We're demanding an urgent caretaker government. We don't want army rules."
@buetian62,#MarchToDhaka,"Tomorrow is the March to Dhaka. Begin your journey to Dhaka now to witness history and join the final battle. We officially call upon the military to support the popular uprising.

Asif Mahmud Coordinator Anti-Discrimination Student Movement"
@UnwantedxSoul7,#MarchToDhaka,"Students showing middle finger to government curfew...

Huge protest during the night in Dhaka 
"
@SPervin_Econ,#MarchToDhaka,Death toll is mounting in #Bangladesh. At least 50 people killed today alone. This killer government must go. People  needs help. The country needs power transition.
@Mad_Rubo,#MarchToDhaka,The fate of our country rests in the success of this Revolution
@UnwantedxSoul7,#MarchToDhaka,"March to Dhaka, Bangladesh 
Students already in Dhaka. 
We'll kick Hasina out In sha Allah! 
"
@613_7xviii,#MarchToDhaka,"it's the end game! either we di/e or take her down and drag her down the mud.

ya Allah, intahi bi al-zalimeen ü§≤üèæ
may Allah shower us with blessings
"
@Kabir_Punny,#MarchToDhaka,"Today was the bloodiest day of the July #GenZRevolution with at least 100 deaths. Determined to oust the dictator, protesters are calling for a nationwide #MarchToDhaka to restore #democracy in #Bangladesh. Fears of more violence tomorrow. We urge int'l attention."
@bahiragato,#MarchToDhaka,"Updates before tomorrow's #MarchToDhaka 
1. High Court dismisses petition seeking not to shoot the students
2. Mobile Data based Internet has been shut down again
3. More than 32 killed around #Bangladesh by Awami League members
4. The PM doubles down & blames terrorists (BAL?)"
@shapon2point4,#MarchToDhaka,The Bangladesh student movement has called for a march to Dhaka tomorrow. üáßüá©
@AhmedJ520,#MarchToDhaka,"Only today, the first day of non cooperation movement, 88 protesters killed by Hasina's police and militia force. Students declared #MarchToDhaka tomorrow to take down the dictator . Please join the movement by any means possible."
@ApurbaHasanJ,#MarchToDhaka,"Hundreds of places are under attack now.
Street lights are off, gunshots echo.
We don't know how many will survive tonight. If you do, come to the streets tomorrow to save our country. It's now or never!"
@tr_prio,#MarchToDhaka,"Today's August 5th, 2024 aka July 36, 2024.

This is gonna be a historical day for the people of #Bangladeshüáßüá© as the common people & students"
@Fahima3095,#MarchToDhaka,"It's 4.40AM..But Sleep üôÖ‚Äç‚ôÄÔ∏èüôÖ‚Äç‚ôÄÔ∏è So many things going on our mind right now that can't be explained üò£üò£Today Is the day üò´ Everyone Please Pray that everything goes well todayü§û
STEP DOWN FASCIST HASINA"
@TheProtesterBD,#MarchToDhaka,"Breaking: Date Change! 'March to Dhaka' Announced for Tomorrow (5 August, 2024) for the Final Push! Leave Your Own District For Dhaka, If You are Not From Dhaka.
Location: Shahbagh, Dhaka.
"
@AbdullahApon21,#MarchToDhaka,"Today we have regained freedom, Alhamdulillah. This is only possible for students. 
"
@anjum003moon,#MarchToDhaka,"So today, 36th of July  #bangladeshistudents and common people of this nation were to #MarchToDhaka to join the central shaheed minar to join the mass movement, but mobile Internet along w/ broadband were cutoff from around 1100 in the morning. when do this atrocities end?"
@sajidislam_,#MarchToDhaka,"This is a historical #genzrevolution against fascist Hasina regime. 

STEP DOWN FASCIST HASINA"
@B_hassan974,#MarchToDhaka,"will will stop this killing by Killer Hasina üò≠üò≠üò≠üò≠üò≠
News Source: prothom alo
"
@ZihadSheikh13,#HuntDownHasina,"Shabuddin Chuppu Must Resign. 

He must leave. He is also a  Fascist Enabler. "
@GlobalDefCorp,#HuntDownHasina,"Ousted Bangladesh‚Äôs Prime Minister Sheikh Hasina, Her Son Sajeeb Wazed Joy And Niece Tulip Siddiq Embezlled $5 Billion From Overpriced $12.65 Billion Rooppur Nuclear Power Plant Through Malaysian Banks: "
@ZihadSheikh13,#HuntDownHasina,"If you know you know!

Unpublished images from July 25!!

We had amber hard (fraud/corrupt) as a ruler, the only difference is that #FasictHasina is a killer of thousand innocent students."
@Rami_0_1,#Redforjustice,"Bangladesh üáßüá© ü´° 
I haven't seen 71 but I have seen 24
"
@NinniTara,#Redforjustice,"Ban the BCL and every student polital wings
Bring justice for each and every murder by the POLICE

We want them to be brought to trial. Not some other students who r falsely convicted for student‚Äôs murders!
"
@rainlitarchives,#Redforjustice,PLEASE TALK ABOUT BANGLADESH 
@makkeishitero,#Redforjustice,"today,the non-cooperation movement is taking place in our country with student protesters‚Äô 1 point claim ¬´STEP DOWN FASCIST HASINA¬ª Either it‚Äôs gonna be blood game or victory light for us but we won‚Äôt step back,come forward together!!"
@IsratJahann9,#Redforjustice,We want Justice ‚úä
@rak4thmak,#Redforjustice,we want our rights back üáßüá©
@makkeishitero,#Redforjustice,"first of all,court cancelled the writ of open firing on students during protest then police bsl started k!lling our people today and now government shut down internet again..literally die you fascists we want you gone‚ÄºÔ∏è"
@sakhawat_kamal,#Redforjustice,The end of #July and it needs to keep stayed in the #memory so that it returns every year and we recall the #martyrs and their sacrifice.
@Biuurrluve,#Redforjustice,"We deserve a peaceful country,  a peaceful world, stop these nightmares, I am tired, even breathing seems too much."
@rak4thmak,#Redforjustice,"her brother was wrongfully arrested during the protest and she herself stood in front of the police van to protect her brother.
Fear is contiguous. Fortunately, so is courage."
@coderyeasin,#Redforjustice,"A Student dead Headshot by sni*pers who are supporting the ""BAL"" govt.
"
@yoonbooby_7,#Redforjustice,"First students and now teachers???? Everything has its limit, but bd govt is keep crossing that. The outcome will never not be in that fascists favour 
"
@lunovjae,#Redforjustice,"Ya Allah let it be our day today,let the victory touch our blood today,we will free this nation from fascist Hasina ameen"
@rak4thmak,#Redforjustice,"Fear is contagious. Fortunately, so is courage."
@Tarin_71,#Redforjustice,"Last day of Bloody July..!üáßüá©üáßüá©üáßüá©

May ALLAHÔ∑ª grant Jannah to our martyred brothers & sisters and keep all students safe & sound as they stand up against injustice.
Ameen Yaa Allah. ü§≤
"
@urmyhope74,#Redforjustice,FROM THE RIVER TO THE SEA BANGLADESH WILL BE FREE INSHAALLAH.
@tbsnewnbd,#JulyMartyrs,"Social Welfare Adviser to the Interim Government Sharmin S Murshid and General Secretary of the foundation Mir Mahbubur Rahman Snigdho handed over the cheque of Taka one lakh to each family today at Combined Military Hospital (CMH), Dhaka
Link in Comments"
@ImranHSarker,#BangladeshCrisis,"Bangladeshi Mullahs demonstrating on Dhaka street, they won‚Äôt allow Durga Puja in the field where every year puja committee do in Uttara"
@sayan2024,#BangladeshCrisis,"This Muslim child who was arrested for vandalizing Hindu idols says - If you destroy Hindu idols, you will get reward, after death you will get paradise! From childhood
The followers of the so-called religion of peace teach them to destroy!"
@albd1971,#BangladeshCrisis,"On August 4, @bdbnp78 activists murdered a #AwamiLeague‚Äôs youth front leader in Kishoreganj. They also critically assaulted another student front leader. Bone in his skull is broken and now requires transplantation. "
@drsingh360,#BangladeshCrisis,"A Bangladeshi @cricket fan was in trouble, so the police took him to the hospital for treatment. But when the Bangladesh government was in trouble, they treated Indians badly and every Indian regrets this act."
@bdperspectives,#BangladeshCrisis,"This is how Dr Yunus is justifying the mob killings, political revenge at home in international media 

Denial and silence about attacks on minorities and @albd1971 activists as well."
@SG_HJS,#BangladeshCrisis,"What Happened at a Mosque in the Capital of #Bangladesh

During prayer, suddenly everyone got up and started throwing shoes & sandals at each other.

A video is going viral showing a dispute arising over casteism."
@JalalUChy,#BangladeshCrisis,"We have a legendary leader still in us, who loves to say free #Palestine loud and clear in the stage of world leaders! Yes, i'm talking about #SheikhHasina the living gem of #Bangladesh. üáßüá©ü§ùüáµüá∏"
@albd1971,#BangladeshCrisis,"A group of armed cadres from @bdbnp78 and @BJI_Official attacked #AwamiLeague party office in Raiganj Upazila, Sirajganj. They murdered six activists inside the party office and hundreds of activists were admitted to the hospital."
@Welikumbura,#BangladeshCrisis,"After addressing the economic crisis in #SriLanka, this is how @RW_SRILANKA left the presidential palace to assist in resolving Bangladesh's economic crisis."
@aaveensu,#BangladeshCrisis,"#Bangladesh 2.0! No Social Security, No Law & Order, no active government. There's nothing working at all. "
@k36077,#BangladeshCrisis,"A Hindu housewife was forcibly raped at gunpoint by entering the house in Chhota Chougram area of ‚Äã‚ÄãSingra, Natre!
"
@ATeam_1971,#BangladeshCrisis,"Aftermath of August 5 : How extortion and assault spree by BNP  forced Awami League leaders and activists to remain in hiding, away from home and family  

- BBC Bangla report brought to light harrowing details of wave of assault and extortion from victims.
"
@nitunkrishna,#BangladeshCrisis,"Though it's my personal opinion but believe me the interim govt. is never going to be successful. Dr. Yunus sir is a good man & a good man can never make us good. We need someone like #AdolfHitler, to whom there is no punishment but death for disobedience."
@k36077,#BangladeshCrisis,"Papeya nasrin is an assistant professor at Daulatpur college, Khulna, Bangladesh. She threatened hindus with genocide and rape like 1946 Noakhali massacre for arranging Durga Puja and expulsion to india."
@bharatkabaapp,#BanAwamiLeague,A Cricket Umpire was lynched to death by Sheikh Hasina‚Äôs Awami League goons. He was BCB listed Cricket Umpire. The world is silent on Awami Crimes.
@NahidIbnFarid,#BanAwamiLeague,"How can we forget this scene of fascist Hasina's genocide? 

 Khilgaon, Taltala Market, Dhaka
 4/8/2024"
@Swalehinkc,#BanAwamiLeague,#AwamiLeague thugs and their student wings #Bangladesh Chhatra League armed killers have been identified. The brutal way they are trying to oppress the student movement.
@blackpinkbdfb,#BanAwamiLeague,Look at his eyes. The Hunger of Freedom is clear‚ú®
@SumonHasanBhai,#BanAwamiLeague,Bashundhara gate under the student control. 
@fardinORG,#BanAwamiLeague,Supporter of Bangladesh Nationalist Party publicly murdered by Awamileague Leaders.
@Sufi78624434,#BanAwamiLeague,It‚Äôs a revenge that is going currently in this country. The Awamileague goons had done massive killing in last 15 years which is why the victim‚Äôs families are taking revenge on Awamileague peoples. But the government should minimise it by proper awareness. 
@NahidIbnFarid,#BanAwamiLeague,"18 July 2024¬†¬†

¬†A man in a dhoti (long piece of cloth worn) was being taken away in an army helicopter.¬†

Location: Cambrian University, Dhaka, Bangladesh."
@raspyTree,#BanAwamiLeague,"They are killing us,,They are killing my brothers & sisters save us,if you can't save protest with us,make it worldwide, borrow us justice.. Use these pictures & hashtags increase the count & help us.."
@sagor_ahme99395,#BanAwamiLeague,Demands are being raised everywhere to ban Awami League due to violence in the peaceful quota reform movement.
@KhanYusuf98,#BanAwamiLeague,"Awami League unleashed Crime against Humanity. This party must be banned and perpetrators, corrupted and human rights violators must face the trial."
@NahidIbnFarid,#BanAwamiLeague,"""Indian media with its propaganda, has done more harm than help to #BangladeshHindus and worsened the situation for us"" 

Listen to this Bangladeshi Hindu explain to @MnshaP"
@ZihadSheikh13,#ButcherofBangladesh,"If you know you know!

Unpublished images from July 25!!

We had amber hard (fraud/corrupt) as a ruler, the only difference is that #FasictHasina is a killer of thousand innocent students."
@taejuma7,#ButcherofBangladesh,"And we never forget to support our Palestinian bothers and sisters.

STEP DOWN FASCIST HASINA"
@AkterRock,#ButcherofBangladesh,"Under the guise of democracy, dictatorship is ongoing in Bangladesh
------------"
@iAsurn_,#ButcherofBangladesh,"Yunus has woken up. Because his Islamists zombies have attached Christians now. Yunus is employed by Christian masters. He won't take it lightly.

Not just Yunus, all CIA bots across South Asia are working for the same agenda. All of them behave similarly."
@ZihadSheikh13,#Hasinopath,"Clan of Money launderer. 
Sheikh Mujib clan is the worst corrupt family in the history of üáßüá©."
@Faiza_Ot7,#Hasinopath,"In Chittagong, 25 people injured by gunfire have been brought to the hospital following clashes. BSL aren't letting anyone take the injured to the hospital"
@ZihadSheikh13,#Hasinopath,Don't cry baby! Just imagine what you have done in last 16 years!
@nakib_h,#StopIndianHegemony,"The Indian government is making Bangladeshis anti-Indian. We want our right share of water. 
We should raise our voices to consider India as a terrorist country that is killing people by manipulating the water of international rivers."
@Darwins_finchh,#BanBSL,Chhatra League leader Tanmoy Das pulled the student's hijab while attacking female students at Salimullah Medical College in the capital.
@basherkella,#BanBSL,#BDPolice shot and bombarded on students and journalists at #DhakaUniversity campus. Campus turned into a battleground.  
@buetian62,#BanBSL,A protest rally has been taken place today at the base of the Raju Memorial Sculpture demanding the trial of the murderer and fascist Hasina.
@elmoon_hasan,#BanBSL,STEP DOWN FASCIST HASINA
@RazzakVai,#BanBSL,"Brutal attack by #ChhatraLeague
on students at Khulna University last night.

Later ordinary students expelled the armed #ChhatraLeague terrorist from campus through mass ressistance."
@mguddin01,#BanBSL,BSL goons attacked unarmed protesters visciously throughout the whole day. This video shows a proof of their act in Sylhet. 
@habib_ahsan0,#BanBSL,#BAL terrorists openly came out with such huge weapons to attack unarmed students in Uttara of the capital. 
@HDaudul,#BanBSL,"Don't take the law into your own hands [ joke ]üîá
MOTHER OF MAFIA BANGLADESH PM "
@mumtahina1997,#BanBSL,Hello worldüëã Please stay beside usüì∑stay beside the humanity and the protest for real brilliant Students
@fktheaven,#BanBSL,"THIS IS NOT ABOUT JUST QOUTA ANYMORE. WHEN A RULING PARTY ORDERS THEIR DOGS TO KILL INNOCENT CITIZENS, THEY NEED TO BE TAKEN DOWN ASAP. WE WILL NOT LET THOSE SACRIFICES GO WASTED!"
@FAFOtheFirst,#BanBSL,You're a dick! Dogs aren't bad! It's people that own those dogs and for you to single a dog breed out shows how simple minded you really are. POS!
@rzanik2,#BanBSL,"Bangladesh is not safe at this moment anymore. 
It's not independent anymore.
We are not free to speak anymore. 
Seeking help from global organisation. 
All of our media coverage are under Govt"
@typicalrafiq,#BanBSL,"Chhatra League terrorists see what they are bringing to kill students! 

 These killers must be banned.  We have to do without Bangladesh."
@bd_thinker,#BanBSL,"Awami murderers have beaten a student to death in Court Bazar area of ‚Äã‚Äã#Sirajganj. 
"
@Imran23266260,#BanBSL,"WE ARE IN A STATE OF WAR.

I can‚Äôt keep a count of how many people i saw dying today, WE NEED HELP!
Dhanmandi 27, Lalmatia E and D block."
@_MrWick_007,#BanBSL,"Martyr Abu Saiyed! 

He stood there smiling, arms open, chest brimming with pride. 

We will never forget your sacrifices. May Allah bestow his mercy upon my brother."
@rafsan787,#BanBSL,"""Water, somebody needs water?"" were the last words of Martyr Mir Mughdo, before he was shot to death on 18th July."
@mehedionion,#BanBSL,"The Real Madrid shirt is white. It can stain of mud, sweat, and even of blood, but never of shame!
@realmadrid doesn't lose until the final whistle."
@Hasan0_0Mehedi,#BanBSL,"Student wing of Awami League BSL terrorist spotted firing on unarmed students.
@AlJazeeraWorld @BBC @WIONews 
STEP DOWN FASCIST HASINA"
@Liz50670,#BanBSL,"Fierce clash has erupted between law enforcement agencies and students at #DhakaUniversity #Bangladesh. Police are charging the students with tear gas, rubber bullets, and sound grenades."
@xyz_jizzz,#BanBSL,"I need some Bangladeshi Mutuals. I thought not many Rajakar use Twitter.
 But I was wrong!Let's follow each other & build a strong Community here."
@dyingroomdev,#BanBSL,Bangladeshi ruling party's Student Wing BCL killing innocent protestors with heavy guns.
@Sikderairdop1,#BanBSL,"Police League attack by entering Prime Asia University.
One thing you what happening in our country. Students are not safe. "
@prottay_exe,#HasinaWorseThanHitler,Dhaka to Kolkata We want Justice !!
@PrimeRedwan,#HasinaWorseThanHitler,"I can not believe the next time I go to Bangladesh, there won't be a dictator ruling it."
@Durrani1945,#HasinaWorseThanHitler,Pakistanis üáµüá∞ - Please Support Our Brothers & Sisters in Bangladesh üáßüá© who are being drowned by India through release of water from upstream dams in India as revenge for kicking out the Indian agent Sh Hasina in Bangladesh
@jakariaa1991,#HasinaWorseThanHitler,"Government stopped 7 PM bulletin of Jamuna TV. Rulling party also cutting down the transmission of Desh TV, Channel 24, News 24 continuously. The regime is now forcing to remove contents from Social Media too.

Mehedi Hasan Maruf
Jamuna TV"
@tarek_abdullah,#HasinaWorseThanHitler,Some footage of the police firing on the revolution crowd in Bangladesh. Hasina has to answer for this
@starrysooyaaa,#HasinaWorseThanHitler,"Chatra league along Awami terrorists are murdering people !! All Eyes On Uttara, Munshiganj, Shirajganj, Cumilla!!
STEP DOWN FASCIST HASINA"
@revolt_71,#HasinaWorseThanHitler,The protesters experienced firing at them at Shonir Akhra
@anuxxa2,#HasinaWorseThanHitler,The goons of Chhatra League shooting with guns in Comilla. 
@arch_mazharul,#HasinaWorseThanHitler,"One point, one demand - Step Down Hasina! "
@TigerCabreado,#HasinaWorseThanHitler,This kid made me cry. His efforts made him a BIG HERO. All my duas are for him ü§≤üôè 
@niagrapopo,#HasinaWorseThanHitler,Chhatro Leauge and Police firing on students. Almost 50 people died in clashes with police and awami goons.
@Nadu805,#HasinaWorseThanHitler,"The revolution coming from East Pakistan may also come to Pakistan, a momentary concern for Shahbaz Sharif. Resign yourself and go home. "
@Raihan71,#HasinaWorseThanHitler,"To whom it may concern. 
There‚Äôs no justice in politics. "
@niagrapopo,#HasinaWorseThanHitler,"At the Sirajganj Court Bazar area, the goons of the Chhatra League and Jubo League murdered a student. "
@bells3nwhistles,#HasinaWorseThanHitler,"Ghaddar bint e Ghaddar landed in Agartala ... 

Story penned in 1948, cast finalized in 1962, shaped in 1968, executed in 1971 has finally reached its logical conclusion in 2024.

Ek ahd e ghaddari tamam howa"
@m_far_vir_rahat,#ReleaseTheStudents,All this students have been arrested during peaceful protest. 
@solaimanmostak,#ReleaseTheStudents,"Already, so many students have been arrested from today's protest and beaten up..."
@neha_tasmin,#ReleaseTheStudents,The police and BGB of fascist #SheikhHasina stood by and watched as the armed forces in plain clothes began pulling innocent students.
@revolt_71,#ReleaseTheStudents,Rajshahi - The armed forces in plain clothes were dragging innocent students while the Police and BGB of fascist #SheikhHasina were standing and watching. 
@ZulkarnainSaer,#ReleaseTheStudents,"As the students have announced that they will continue their protest until their 9-point demands are met. In response, the Bangladesh army can be seen taking positions in different parts of the capital, Dhaka, to quell the protest. 

Multiple student groups claimed National Telecommunication Monitoring Center (NTMC) deployed jammers to disrupt their communication."
@shimantamehedi,#DUUnderAttack,"A zombie movie scene?
No,It‚Äôs our Bangladesh üôÇ"
@hellojalal,#DUUnderAttack,"After 5 days we can use internet, but with VPN
"
@sk_dolon46081,#DUUnderAttack,What is happening in Bangladesh? Save Bangladesh student ‚úä
@nannikoyajoon7,#DUUnderAttack,"Our prime minister is on her way to leave the country. She is going to Spain. DON'T LET HER LEAVE
"
@independent2_bd,#DUUnderAttack,This is how #Bangladesh Government police trying to stop students.
@MdRuman159239,#DUUnderAttack,"The reason for the incorrect hashtags is the hashtag count 
Not happening, everyone copy it, it's not too late to be 1 million. "
@rahman_mush1311,#DUUnderAttack,The country is going through the darkest time. The latest update is that the toll reached 46. 
@zumaima09,#NewBangladesh,"It's time to bring this masterpiece back to the timelineü§ó‚ù§Ô∏èüí™üáßüá©
"
@joynal_abedin07,#NewBangladesh,Best wishes to Dr. Muhammad Yunus and other members of the Interim Govt. üáßüá©
@rupom,#NewBangladesh,"This is new Bangladesh. This is how a couple celebrated Sheikh Hasina's fall in front of the crowd. 

Don't believe Indian propaganda about"
@faisalmahmud619,#NewBangladesh,Name of water brand in the name of martyr Mugdho 
@Fr_Riha_,#NewBangladesh,That‚Äôs how we achieved our Freedom in 2024
@Journo_rajib,#NewBangladesh,"""Who are you, who am I, 
Razakar Razakar,
Who changed who, who changed, coordinator, coordinator""

---- Shamsunnahar Hall, DU 16 September 2024 12-2 PM."
@ImRishat,#NewBangladesh,"No matter their religion or identity be it Muslims, Hindus, Christians, Buddhists, indigenous people, or the third gender‚Äîmy community and I are dedicated to protecting everyone from harm."
@Irtiza_mahin,#NewBangladesh,"Students are standing guard to protect the different #Hindu Temples. Those photos were taken at midnight. Don't trust propaganda and rumors! We, this generation, are committed to ensuring the safety of all minorities in Bangladesh. üáßüá©"
@tbsnewsbd,#NewBangladesh,"Snigdho made the statement at an event organised by Laksam Traditional Protection City at Laksam Municipality Auditorium yesterday (28 September)
Link in Comments"
@bd_thinket,#NewBangladesh,"Moved to tears, #DhakaUniversity Shibir President Abu Sadiq Mohammad Kaiyum pays heartfelt tribute to the martyrs of a new Bangladesh. üáßüá©"
@albd1971,#Quotamovement2024,"Quota Movement and the ‚ÄúBlueprint‚Äù for Regime Change in Bangladesh
---
The blueprint for a #regimechange was cooking in the background for the past five months. The #quotamovement2024 provided the perfect cover. The plan was to create #terror and #chaos across the country through #vandalism and #arson attacks on people, private/public properties and government establishments i.e. Dhaka Airport, Parliament and Ganabhaban."
@tbsnewsbd,#Quotamovement2024,Hundreds gather at Shahbagh responding to students' call for continuing protest
@jamalashraf786,#Quotamovement2024, the police are shooting from the roofs. Scary visuals‚ö†Ô∏è
@AbdullahAb49807,#Quotamovement2024,"After the fall of the secular chetonabadi terrorist dictator Hasina, the people's victory was celebrated by taking over the National Parliament.

36 July (5 August 2024) "
@hossain_lab,#Quotamovement2024,"Protesters Gather in Front of Khilgaon Eidgah Jame Masjid in Dhaka: Demonstrators are currently stationed in front of the Eidgah Jame Masjid in Khilgaon, Dhaka, continuing their protest."
@AlifaKhusboo,#Quotamovement2024,"You can blackout the internet and take away our freedom to speak, but what about Allah? He is watching everything. How could you forget this? You'll be destroyed, soon or later, but you will.
"
@RiyelRomel,#Quotamovement2024,Wonderful Work Very inspiring for the Students.üëè‚úäüáßüá©
@dailystarnews,#Quotamovement2024,"Investigation shows that the majority of deaths during the quota movement protests were caused by bullets aimed at critical parts of the body, pointing to deliberate use of lethal force."
@celestialInks,#Quotamovement2024,"Sumaiya, a new mother, was tragically killed by a stray bullet on her balcony (shooted from helicopter). The bullet pierced the balcony grill, taking Sumaiya's life instantly."
@hossain_lab,#Quotamovement2024,"Students march in the rain in Aftabnagar and Uttara, Dhaka! 
"
@Tuluminati888,#Quotamovement2024,"‚ö†Ô∏èThere is a massive media blackout with the critical situation in Bangladesh.

While the rest of the world is distracted by the most ridiculous #Olympics in history, there have been over 1700 students murdered in the streets already."
@OfficialBTSBD,#Quotamovement2024,"They will kill us all rather than giving our rights üòÖüëè

WE NEED HELP
WE NEED HELP
WE NEED HELP"
@cottoncloud0522,#Quotamovement2024,"Bangladesh: 42+ students have been killed by Bangladesh Police & (pro-govt) BSL.
Dictatorship in a democratic country can't be tolerated! 
Hasina, step down!!!"
@Shantonuroyit,#Quotamovement2024,If the graffiti on the walls turns into maps in moments of stillness.
@MANOJRA47609920,#Quotamovement2024,"Helicopter landed on the roof of BRAC University to rescue the RAB elite force of Bangladesh üáßüá©. Because these forces were trapped during the Quota movement under the pressure of the people and students, their rescue work was going on."
@ProthomaloEN,#Quotamovement2024,"Former professor at #DhakaUniversity,¬†#MahbubUllah, in an #interview with Prothom Alo‚Äôs Sohrab Hassan and Monoj Dey, speaks about the ongoing #quotareformmovement and related issues."
@Swalehinkc,#Quotamovement2024,#AwamiLeague thugs and their student wings #Bangladesh Chhatra League armed killers have been identified. The brutal way they are trying to oppress the student movement.
@shahroza_nahrin,#Quotamovement2024,Curfew has been imposed. Army will be deployed in Bangladesh. 
@BloomingNothing,#Quotamovement2024,SUMMONING BANGLADESHI STUDENTS FROM SPAIN üö®
@TamimSpeaking,#FacistHasina,The worst remittance fighter in the history of Bangladesh! 
@sresre219,#FacistHasina,"Official statement
Hasina resigned and ran away from the country
Source: Jamuna Television"
@shopnil_shopnil,#FacistHasina,"This screaming of my sisters ""Uncle please open the door.. uncle, please."" The howling to get help... this BSL and #FacistHasina wouldn't think twice to kill its own people."
@KaizerKothika,#FacistHasina,Why are Bangladeshi police people talking in hindi?! Why?! Why Indian people in Bangladesh?!
@OmarFaysal10,#FacistHasina,Quota reform movement Unprecedented #BangladeshPolice brutality by direct firing on students 16-31 July 2024
@Tamzedd,#FacistHasina,"This war costed us so much as a nation. Thanks to all those voices who helped us reach every corner of the world and unveil the true colours of #FacistHasina 
Now lets build a new and more refined democratic #Bangladesh üáßüá©"
@Sakhawa20013077,#FacistHasina,"34th July,2024 
locationüìç: New Market, Chittagong 

we're strongüí™"
@Faiyaj75140969,#FacistHasina,"Finally, we are free now and also now we are ONE. üáßüá©
Thanks to all the international MEDIA who helped us to show the world the reality of #FacistHasina."
@ahmedtanvirmd,#FacistHasina,"It all ends with 1. One demand for whole nations no more #FacistHasina 
"
@inun_ripa,#FacistHasina,#FacistHasina declared mourning day after ordering to kill 300 students! But people are rejecting this mockery by changing their social id DPs into red.
@ShahnurBegum,#FacistHasina,Shame on you. You're spreading rumors. The #Islamists aren't wrong doers. Just stop lying supporters of #FacistHasina regime. 
@tab_blossom,#FacistHasina,Demonstration march in Dhaka University demanding the hanging of Sheikh Hasina who ordered the murder with  dead bodies on their shoulders.
@mahedi-siu,#FacistHasina,"#FacistHasina regime has initiated a propaganda campaign, alleging that Jamaat and the BNP are planning attacks on Hindus. This suggests that these actions may be orchestrated under a communication blackout."
@FireeeSlayeeer,#FacistHasina,"What type of Political mistake did these children make Seikh Hasina? 
Will you take the responsibility of their deaths, Or will your government take it?"
@TrinoyArifin,#FacistHasina,Gen Z of Bangladesh is protesting against the Fascist Dictator Hasina
@hecatemayra,#FacistHasina,
RTD_BD,#JulyMassacre,"July massacre 2024: We will never forget!

Video 37: Hundreds of youths like him were killed during the protest."
@Sakhawa20013077,#FacistHasina," Attention Sylhet üö® 

There will be raid in sylhet tonight!

Highlighted places are ~

Nayasharak, Zindabazar, Jailroad, Dargah gate, Uposhohor, Housing state 

Stay alert!!
"
@Nazir59130339,#FacistHasina,the facist sheikh hasina off social media in Bangladesh now in moment to run massacre over students. 
@RumiSerenity,#JulyMassacre,"Now REFORM BANGLADESH Inshaallah ü§≤üáßüá©ü•∫
36 July 2024"
@StarStayRose,#JulyMassacre,"Don't trust the army, kids"
@sharparcher_369,#Julymassacar,We won't rest until we see justice for #Julymassacar in Bangladesh by dictator Hasina 
@iamanas_ab,#NoQuota,How Mafia hasina and her gangs killed our brothers and sisters.
@basherkella,#Julymassacar,AHM Shamsuddin Chowdhury Manik has been arrested. BGB arrested him tonight while fleeing to
@esha_idk,#NoQuota,"Current situation of Dhaka University, Rokeya Hall. 

SHAME ON BANGLADESH Government"
@KaziHafizH,#Julymassacar,Who are you to decide to pardon BAL? Do you represent all of us? BAL has to pay the price for their atrocity & killing in last 15 years including  individually and as a party. 
@drsmanitooo,#NoQuota,Students stuck in the varsities go to y'all's chemistry labs and follow the instructions here
@AshrafulAmaruf,#Julymassacar,"I am stunned and completely speechless.

This is an attempt to portray an incident of the #JulyMassacre in this picture.
"
@d48479171,#NoQuota,Help Bangladeshi Student. They are killed by police and the ruling party.
@esha_idk,#NoQuota,"No one can take away the freedom to speak
I fully support them. 
The truth can never be stopped by violence
.
The truth never die üáßüá©ü§≤
Pray for Bangladesh"
@7sno_oze,#NoQuota,"never knew I had to see this type of thread.. idk i feel so numb atp. help us. please help us! 
üîó facebook.com/share/p/oBGWkt‚Ä¶
ALL EYES ON BANGLADESH
WE NEED HELP"
@Minttchoco_t,#NoQuota,Chhatra league is destroying hospitals so students can't receive medical help
@pookieGguk,#NoQuota,"plase help us 
our Country situation worst right now.
police attack students with tear cell, bullets, 
please spread this for international media"
@Snowflower2430,#NoQuota,"18 JULY,2024 
TIME: 5 : 56 PM

TOTAL DEATH COUNT 40 MARTYRS 

WE NEED YOUR HELP 
ALL EYES ON BANGLADESH"
@zalaminfo,#NoQuota,"Support the student movement in Bangladesh! Talent should come first, not quotas or connections. Stop the violence and protect our future leaders! ‚úä"
@zoro142rz,#NoQuota,"Students are dying ‚ÄºÔ∏è‚ÄºÔ∏è
ALL EYES ON BANGALDESH"
@Sar_2037,#NoQuota,Fascist Hasina Govt. must step down!!!
@esha_idk,#NoQuota,"We have given blood, we will give more, injustice will be swept away by the flood of blood, give us freedom or we will chew your freedom."
@niallerhere,#NoQuota,"""Dhaka University's campus is still heated at night. Police has thrown teargas at the unarmed students."""
@zulfiqur,#ShameOnHasina,"Brutality at its peak when the BCL is charging on girls who took shelter in a building
"
@meajiarif,#ShameOnHasina,"We're receiving treatment from our friend, here, it‚Äôs #India. They're not hesitating to offer water & they don't even follow our arguments! What a friend, we've! They've opened Teesta & Dumbur dam, to serve us!"
@jugg3rnaut69,#ShameOnHasina,"Protest against Dictator of Bangladesh, The Worst of All , Sheikh Hasina at Sydney , Australia. "
@candy24209,#ShameOnHasina,Is this called an independent country where we Don't have freedom of speech!! Where is our freedom of speech?shamee
@Mukitul_,#ShameOnHasina,"Only one way open for us ‚ÄúResistance‚Äù
Only one way open for her ‚ÄúResign‚Äù"
@hisam_sufian,#ShameOnHasina,The fascist govt. of Bangladesh is doing what they've always been good at: dealing with any justified demand with violence. Even hospitals & girls students aren't safe from them.
@Bangladeshi_hum,#ShameOnHasina,"How the dictator tries to stay in power and make people forget and silent that they are under the rule of a dictator! 
#dictatorsheikhhasina has been using this kind of tactics for a decade on #Bangladesh! "
@AbuHura03044466,#ShameOnHasina,"Awami Police league, Rab, BGB and SWAT team jointly conducted massacre over Ordinary Students of Dhaka University. Also, they brutally attacked thousands of journalists....."
@anchol_j,#ShameOnHasina,"Where everyone give up, Students start from there"
@tushu_rahman,#ShameOnHasina,"Many police in front of Dhaka High Court today Arresting students from rickshaws, from the streets. without any reason."
@ShoaibAlve01,#ShameOnHasina,The prime minister of bangladesh Sheikh Hasina Is worst and Dangerous than Hitlar. 
@mishhhh_07,#ShameOnHasina,"Fascist Sheikh Hasina has never been able to provide peace and stability in Bangladesh,
she is in power by standing on a pile of corpses.
STEP DOWN FASCIST HASINA"
@notforall771,#ShameOnHasina,"Neither we need Awami League nor we need BNP, we need a new leader in our Countryüáßüá©"
@Munna08015,#ShameOnHasina,"The situation at Dhaka University is very dire. The police, BGB, and Chhatra League are attacking the general students. People of Dhaka and the entire country, please come forward to save Dhaka University and protect your children."
@Tarikul_rahad,#ShameOnHasina,"Bloodthirsty Fascist Monster. How much blood will quench her thirst?
STEP DOWN FASCIST HASINA. "
@shahnila6176,#ShameOnHasina,"Badda is under attack. Indian RAW are fully active in bangladesh.More than 100+ people are spotted dead. 
Sheikh hasina is still playing tge dirty game of secularism."
@Azamin_Kammi,#ShameOnHasina,"At Fast Kill Talented Students.. üò†
Then become a Victim Card,ü•π
What an Irony ""H@SINA""..ü§°‚ú®"
@_Lubaba_,#ShameOnHasina,93 people have been killed by dictator Hasina today at Bangladesh 
@dishanauar12,#ShameOnHasina,Hospitals are rejecting any treatments related to student attacks! WHAT A COUNTRY WE ARE LIVING IN!
@rirathassanjoy,#ShameOnHasina,"If you suppose to that we are fool. Then you are so beautiful. All of you in leagues are so beautiful actor.
Who blocked internet access we are totally know that. So, please don't act front of camera. Please stop this‡¶≤"
@shahrunnahar07,#ShameOnHasina,She is an unquantified person for this job. The mass and chaos is all her fault. She wants the power but don't know how to handle it.
@Tarikul_rahad,#ShameOnHasina,History repeats. This is the legacy of Bangladesh people. No dictator can ever stand in our motherland. Shame on you Sheikh Hasina. 
@tbsnewsbd,#julyuprising,"Taibur Rahman's education and treatment are at risk after being shot in the July-August uprising, as his father's tea shop has closed. His family pleads for government support to continue his recovery and studies."
@nutshell_today,#julyuprising,"Source: BAF Shaheen College Dhaka Aerospace and Astronomy Club (facebook.com/share/hLXVGM9m‚Ä¶)
"
@tbsnewsbd,#julyuprising,"Aysha Begum was just one during the 1971 independence, too young to grasp 'freedom.' In later years, politics and liberty remained luxuries beyond her reach."
@ZihadSheikh13,#ButcherOfBangladesh,"Students are dying and they are celebrating! 
Killers! "
@iAsura_,#ButcherOfBangladesh,"ButcherOfBangladesh - Yunus has woken up. Because his Islamists zombies have attached Christians now. Yunus is employed by Christian masters. He won't take it lightly.

Not just Yunus, all CIA bots across South Asia are working for the same agenda. All of them behave similarly."
@ZihadSheikh13,#HuntDownHasina,Immigration Police of üáßüá© is doing a great job. People who have committed crimes and had an influencing connection with #Fascist regime must be brought under Justice. 
@GlobalDefCorp,#HuntDownHasina,"Ousted Bangladesh‚Äôs Prime Minister Sheikh Hasina, Her Son Sajeeb Wazed Joy And Niece Tulip Siddiq Embezlled $5 Billion From Overpriced $12.65 Billion Rooppur Nuclear Power Plant Through Malaysian Banks:"
@nakib_h,#StopIndianHegemony,"The Indian government is making Bangladeshis anti-Indian. We want our right share of water. 
We should raise our voices to consider India as a terrorist country that is killing people by manipulating the water of international rivers."
@CaliberEnglish,#victory,"Eternal memory to the martyrs who sacrificed their lives for our victory and the restoration of justice.

We proudly remember our martyrs!"
@ashrafulAmaruf,#JulyMassacre,Some images of BCL attack on quota reform students protest.
@RTD_BD,#JulyMassacre,"July massacre 2024: We will never forget!

Video 51: A random scene from Dhanmondi where terrorist Chhatro League were preparing to beat up the protestors!"
@Mohammed_Lamiul,#JulyMassacre,"This image should be hung in each advisors office, right opposite to the wall of their chairs!"
@Flylikhonn,#JulyMassacre,The way fascist killer Hasina ordered to kill a generation. 
@ridoanmahbub,#JulyMassacre,"Do you remember the  terrible days of July-August?  This memory is forever! 

 Remembering July-August Massacre"
@basherkella,#JulyMassacre,A huge protest march by @info_shibir in #Chittagong demanding justice for the #JulyMassacre on the occasion of National Student Solidarity Week.
@ridoanmahbub,#JulyMassacre,"None of the 4 were arrested. They may not even be in the country.

They were the Mastermind of July-August massacre"
@iam_shahinur,#36July,"In a time when educators and administrators remain silent, the youth rise as the voice of revolution. 
"
@ashrafulAmaruf,#36July,"As-Sunnah Foundation"" provided support to 109 orphans and 2 Hindu families with 3 crore (BDT) Taka for the families of 300 #Martyrs who lost their lives in the #JulyMassUprising of the ""Anti-Discrimination Student Movement"" in #Bangladesh ."
@iam_shahinur,#JulyGenocide,Graffiti as a Testament of the Student Uprising...
@bangla0508,#JulyGenocide,"The interim government has strong public support, unlike Sheikh Hasina‚Äôs rule, sustained by proven election rigging and backed solely by India. Fascists cannot criticize a government born from revolution against fascism."
@tbsnewsbd,#QuotaReformProtest,"If anyone has video footage or still images of the movement and revolution, has been requested to send those to the email address pidjuly2024@gmail.com with a brief description."
@razu99582,#QuotaReformProtest,Freedom earned by sacrifice and blood
SakibulHoque_,#JulyRevolution,"Road to Freedom!! 

4th August 2024, 1 day before Victory, 
Fearless people fighting with whatever they have against Awami Armed Terrorists.....  "
@ridoanmahbub,#JulyRevolution,"""This is my son‚Äôs school uniform. I haven‚Äôt washed it yet, so his scent still lingers on the fabric.""

 - Mother of a martyr who died in the July August Revolution.

Remembering July-August Massacre"
@AliRplsc,#JulyRevolution,It still gives us goosebumps.. 
@ChiefAdviserGoB,#JulyRevolution,Chief Adviser Professor Muhammad Yunus visited the Dhaka University area to see the graffiti drawn by young revolutionaries during the student-led mass uprising in July and August. Photos: CA Press Wing
@na_nznn,#JulyRevolution,"Do not play dirty politics with martyrs' sacrifice!
Do not betray their blood!"
@ridoanmahbub,#JulyRevolution,"Remembering one of our heroes, Yamin.
‚ÄúJuly Massacre-2024‚Äù

Remembering July-August Massacre 
Never forget, Never forgive 

Art- Tania Sultana"
@JihadRanaRU71,#JulyRevolution,"Sniper attack on #JulyRevolution. 
More than 2000 of protesters were killed by Hasina‚Äôs police."
@mr_nas707,#JulyRevolution,"""Soon we'll be standing in the Hall of Fame,cause we burn with the brightest flame""
Bangladesh 3.0 . Documentary of student movement of Bangladesh July 2024. Proud of our heros."
@BanglaBits,#JulyRevolution,"Anti-discrimination student movement is going to form ex executive committee
"
@minhazulbnp,#JulyRevolution,"The main gate of #BUET, the most prestigious educational institution in #Bangladesh, has become a symbol of unique student protests since the #JulyRevolution. These protests voice opposition to unwarranted intervention by #India in Bangladesh's internal matters."
@DhakaTribune,#JulyRevolution,Hasib earlier said July revolution could not have been easily realized without fires at metro stations or k*illing of police officers
@Musfiq_Anam13,#QuotaMovement,"üáßüá© At least 986 people were killed in the #QuotaMovement , with a staggering 78% (515 individuals) succumbing to police violence, according to a report released by the Human Rights Support Society (HRSS) today (24 October)."
"@Talhaofficial01
",#StepDownHasina,Breaking ‚ö°Chhatra League terrorists have set fire to a hospital bus inside PG Hospital
"@Talhaofficial01
",#Bangladesh,Breaking ‚ö°Chhatra League terrorists have set fire to a hospital bus inside PG Hospital
"@Talhaofficial01
",#STEPDOWNFASCISTHASINA,Breaking ‚ö°Chhatra League terrorists have set fire to a hospital bus inside PG Hospital
"@Talhaofficial01
",#QuotaReform,Breaking ‚ö°Chhatra League terrorists have set fire to a hospital bus inside PG Hospital
"@Talhaofficial01
",#QuotaMovement,Breaking ‚ö°Chhatra League terrorists have set fire to a hospital bus inside PG Hospital
@communistsus,#quotamovement,Victory to the students of Bangladesh! Down with Hasina‚Äôs system! No trust in the army! No trust in the ruling class‚Äô parties! All power to workers‚Äô and students‚Äô committees! Workers of the world unite!
@communistsus,#hasinamustgo,Victory to the students of Bangladesh! Down with Hasina‚Äôs system! No trust in the army! No trust in the ruling class‚Äô parties! All power to workers‚Äô and students‚Äô committees! Workers of the world unite!
@inaya_bisma,#quotamovement,"Students are now staying at Shahbagh, DHAKA."
@MithuHassan321, #QuotaMovement, Bangladesh is on a path to healing and recovery. Let's stay hopeful and supportive as the nation moves forward
@MithuHassan321, #QuotaMovement,"Professor Yunus, upon arriving in Bangladesh, gave a heartfelt speech to the media alongside the coordinators, commemorating Martyr Abu Sayed from the Quota Movement"
@Talhaofficial01, #QuotaMovement,"At least 100 people have been killed today, including 14 policemen in Bangladesh. Bangladeshi army seems to be refusing to use live ammunition against protesters. Hasina regime facing a serious threat to its survival!"
@Talhaofficial01,#StepDownHasina,"At least 100 people have been killed today, including 14 policemen in Bangladesh. Bangladeshi army seems to be refusing to use live ammunition against protesters. Hasina regime facing a serious threat to its survival!"
@Talhaofficial01,#Hasinadictator,"At least 100 people have been killed today, including 14 policemen in Bangladesh. Bangladeshi army seems to be refusing to use live ammunition against protesters. Hasina regime facing a serious threat to its survival!"
@tbsnewsbd,#QuotaReformMovement ,"Dr Nazrul urged all to play a significant role in ensuring justice for all irrespective of religion, caste and opinions to build a Bangladesh free from exploitation and discrimination"
@DjBishal11,#QuotaMovement,#Rickshaw_pullers took out a procession in support of the students. They want changes too
@tbsnewsbd,#QuotaMovement,"Rubel, who is accused of directly firing shots at students and protesters with a pistol during the 3 August protest in Sector 11 of Uttara, was arrested from Tongi in Gazipur"
@PurpleWave_7,#QuotaMovement,"In 2018 #SafeRoadsMovement to 2024 #QuotaMovement to now #CountryReformationMovement are the same generation, the same blood, the resistance. We remain the same. I'm proud of my generation "
@mohiuddinbdasia,#QuotaMovement,"Mass people are heading towards Kaila area as police started firing then. Video taken at 6:17pm local time. August 4, 2024"
@DhakaTribune,#JulyWarriors,"The gazette was issued on Thursday by order of the president

Details- dhakatribune.com/375015"
@DhakaTribune,#JulyWarriors,"We must remember that the total number of martyrs is still under review'
Detail: dhakatribune.com/374962"
@DhakaTribune,#JulyWarriors,"I'njured individuals will receive training and job priority, while the final m'artyr list is gazetted and i'njury lists are pending"
@tbsnewsbd,#JulyWarriors,"The July warriors will receive Tk15,000 and Tk20,000 as allowances per month, said Farooq-E-Azam, adviser to the Ministry of Liberation War Affairs, today (17 February).  "
@dailystarnews,#JulyWarriors,"Those killed during the July #uprising will be recognised as ""July Martyrs"" while the #injured victims will be known as ""July Warriors"", said Liberation War Affairs Adviser Farooq-e-Azam today"
@DhakaTribune,#JulyWarriors,"If a decision to ban the party is not made within this timeframe, the July warriors have announced plans to block Dhaka city"
@CoachJennyHuth,#JulyWarriors,Great day in ATL! Finished t off with a healthy smoothie acai berry smoothie and a plane flight!